category,title,creator,publication_year,description
book,Pumpkin-spice Blend,Ms. Melda Lubowitz,1923,Molestias unde facilis hic.
book,Red Enlightenment,Broderick Harris,1942,Non facilis porro in.
movie,Red America,Harlan Gutmann,1990,Hic quia et quod.
book,Goodbye Select,Rubye Thompson,1990,Ab sed in vel.
book,American Extract,Jonna Ferry,1924,Similique atque distinctio quis.
movie,Heart Coffee,Lane Davis,1926,Excepturi eum vero odit.
book,Huggy Breaker,Mr. Genaro Ward,2011,Ipsam quia inventore in.
movie,Red Cowboy,Floria Rogahn,2014,Natus quod aliquam voluptatum.
book,Green Symphony,Keven Farrell,2000,Rerum temporibus velit culpa.
album,Pumpkin-spice Town,Miss Garnett Herzog,1941,Et occaecati sed excepturi.
album,Heart Blend,Garth Corwin,1969,Animi maxime neque eaque.
book,Pumpkin-spice Treat,Roy Roob Jr.,1932,Adipisci qui repellendus vitae.
movie,Cascara Equinox,Marilou Sporer Jr.,1972,Quia temporibus ea facere.
movie,Spilt Blend,Annetta Jacobi,1926,Vel rerum consequatur nulla.
album,Blue America,Fairy Spinka,2019,Et enim id accusantium.
book,Caf√© Volcano,Mr. Tempie Bartell,2002,Fugiat molestiae voluptates quibusdam.
movie,Heart Light,Robbie Kuhic,2000,Et numquam aut reiciendis.
book,Bluebery ,Jackson Lebsack,1931,Dolores dolores explicabo pariatur.
album,Cascara Cake,Zackary Wilderman,1952,Necessitatibus eos laboriosam aut.
album,Goodbye Forrester,Sidney Simonis,1932,Rem ipsam ut tempore.
movie,Pumpkin-spice Symphony,Clara Bernhard,1998,Neque suscipit atque est.
book,Cascara Utopia,Julius Osinski,1953,Consequatur nulla quam debitis.
book,Kreb-Full-o Cowboy,Vicky Friesen II,1955,Consequatur expedita et omnis.
movie,Pumpkin-spice Cowboy,Miss Jamar Schamberger,2007,Id ut atque modi.
album,Street Volcano,Jermaine Turcotte,1934,Sed ipsam et nihil.
